headline,label
"$GME calls. $500 to $20,000 in a week.",0
CLM Short Opportunity,1
GAMESTOP up more than 95% from just two weeks ago... Ryan Cohen... You son of a bitch!,-1
Rip When?,0
Looking at gamma levels for the upcoming expirations for $GME,0
China Seen Asking US-Listed Firms to Prepare For Audits,0
GME After the earnings dip V2,0
why is no one paying attention to HMHC here?,-1
Thanks yolo 18k gme options guy,1
WSB the top growing sub right now. This happened in January 2021 when GME hit its peak. Just something to ponder ğŸ¤”,1
"Daily Discussion Thread for March 25, 2022",0
it's been a good day trading ğŸ™. thanks Elon,1
"Switched from RH, got called a dumbass for buying 45k worth.. guess Iâ€™ll take my chances",-1
$GME Option Chain,0
Takes one to know one,0
"U.S., EU Reach Liquified Natural Gas Supply Deal to Cut Dependence on Russia",0
Finally a product for us,0
Tesla rake on 4/1 1100c. 9.4k -> 26k. Thank you Daddy Elon Musk for pumping my garbage calls with a rogue 6am tweetâ¤ï¸â¤ï¸,1
Spongebob Diamondhands and the Magic Cohen Shell ğŸ¤£,0
19 year old robinhood portfolio managers explaining their new hobby to grandma at dinner,0
"""The Bear Market Is Over"" - Jim Cramer",0
"GME moves triggered by 20k buy @ 95.4, 10.7k buy @ 98. Did one of you wake up drunk? Reply with other data points to check out.",-1
GME to rule them all ğŸ¤©,0
Here we go againâ€¦.,0
After back to back green days.,0
Tesla Is Going To Lose Self-Driving Car Battle With Ford,-1
Lithium Americas - A Long-Term Whale With Short Term Catalysts,0
happy 2nd anniversary,1
3/22/22 SPY Daily TA,0
What do you mean? I earned so much money this week.,0
NVDA hypepost,0
Fed Chairman Powell: We need to raise interest rates quickly (CNN),1
"TSLA 5K -> 23K in a day yolo. Saw papa Elon dancing so bought. I canâ€™t decide if i should hold till Friday or sell. Holding -> model 3, or loose 0.5 model3.",0
But crash was imminent ğŸ™„ ..,-1
"ğŸ’² G M E ğŸ’µ Giveth Us More Technicals, they said",0
Russian Invasion is Bullish for TSLA,0
GME 0DTE 30K YOLO Last Stand,1
"Derpy Rivian Amazon delivery vans spotted in the wild, exurbs of Southern California. Looks really practical for stop-go package delivery.",0
To the moon friends!,1
what's your plan when shit hits the fuckery fan?,-1
"Daily Discussion Thread for March 23, 2022",0
This is beautiful ğŸ˜‚ğŸ˜‚ğŸ˜‚,1
[OC] Warren Buffett's 2022 Portfolio Update at Berkshire Hathaway,0
A short message from the GME gang...,0
OH No ğŸ™ˆ Wifeâ€™s BF is here,-1
Defense stocks for the win ğŸš€,1
Legacy Auto: Graveheart,0
$3k to $19k in 5 days ğŸš€,0
Thanks Papa Musk! $358 to $31K in two weeks.,1
YOLO'd the morning dip,0
Tried dividend investing. Still losing,-1
Do you like green bananas ?,1
"Cybersecurity, Internet of Things, and Self driving: Blackberry earnings report on Next Week.",0
Meme stocks tomorrow (probably),0
GME GainsğŸ€ Probably Nothingâ€¦ğŸ´â€â˜ ï¸,0
Sports betting stocks are called out by CBRE for attractive valuation - DKNG,1
The Battle of $150,-1
Always follow the retards,0
SPY and QQQ forming a dragon pattern on 5M charts,0
Best Buy ($BBY) has accepted their fate as CompUSA 2.0,1
A Bear Thesis on GameStop's Fundamentals,0
"Help me, Papa Cohen. You're my only hope.",1
"As a simpleton, I have decided to express my understanding of GME and the stock market through the most complex hype meme I have ever created. Obligatory ğŸš€ ğŸš€ ğŸš€ GME TO THE MOOOOON",1
Dead Bear Market,-1
Did I accidentally stumble upon the Headquarters of the WSB ETF?,-1
Monday is steal your kids lunch money and YOLO it on a Dying Brick&Mortar day..,0
"YOLO Update: My last yolo, stop loss went through. Might play earnings in a month but market too volatile to buy back (previous post in comments)",1
"ğŸ•µï¸â€â™‚ï¸ I SPY TA - Wednesday March 23, 2022",0
Have you all quit RobinHood yet?,0
My little yoloğŸš€,0
"The road from $500 - $100,000 part 3: $70,000 so far. Donâ€™t ask me for previous positions because Part 1 and 2 will be linked in the comments",0
Bought the top at the OXY oil rally and burned down to $200. Rose from the ashes with GME. How do I DRS these options?,1
"GME Original Hype Video: I threw 5k into GME the day I saw this, credit to OP u/BusinessManDoBiznez",1
HMHC â€“ Do NOT Tender your shares - buy OTM calls - UPDATED,-1
they said memes are for dumb money but we making dumb money ğŸ’°,-1
Spy 450 4/18 puts ğŸ»,0
Donâ€™t get sucked in. Take profit!,0
"Me lauging at the guy that said he was going to naked short GME ""because there was no way GME can go beyond $140 after a 40% bull run"" (he deleted his account)",-1
Donâ€™t sleep on $DIDI. Lots of gains to be made,1
Buffett Watching: The Worldâ€™s Most Profitable Pastime,1
Not used to seeing green ğŸ¤¨,0
50k -> 370k in 2 days. Bonus all-time graph ğŸ˜‰,1
You have 30k/year to invest or risk a year. What are your craziest strategies ?,-1
Another AMC gains,1
GME Twitter page removes header image and bioğŸ¤”,0
"Weekend Discussion Thread for the Weekend of March 26, 2022",0
"ğŸ•µï¸â€â™‚ï¸ I SPY, GME, TSLA, AMD, and NVDA - 3/28 Scalpers Delight",1
"The greeks, some knowledge for you retards, so at least you know what the F you are yoloing into (this is an old post from another retard)",0
"$WISH received a target price of 9,50$ by Credit Suisse. A long pathway to the moon ğŸŒš . Itâ€™s one of the most undervalued stock. Not so much time to cover for shorts! ğŸ¤‘",1
TSLA is outta control yâ€™all,0
My wife says Exercise to stay Fit.,1
Four Retarded Days that I can't explain with any level of sophistication,-1
GME YOLO update-Spoiler: I bought more! ğŸ©³ğŸ´â€â˜ ï¸ğŸ’€,1
"The Russian Association for Electronic Communications predicts that 70,000â€“100,000 I.T. specialists might emigrate from Russia next month in a new wave of brain drain.",0
Thanks GME! $69 â€”â€”-> $4600 in 1 week!,1
Took me a just a little bit but finally back to my old ATH. 2k to 230k in around 2 weeks. BABA calls into AMD into JD into UPST into GME calls to finish it off. Trying not to lose it in a week this time,1
Does anyone want to play a game of 'Guess That Stock'???,1
EVERY. DAMN. TIME.,-1
My face after each time I buy the dip!,0
Tis the season y'all,0
I think I gone and screwed up again Ma. (Vertical Call bet gone bad),-1
New pickup line you could use,0
when someone tries to convince me to sell my GME,1
SPY Weekly TA 3/25/22,0
"Google Trends top searches, by relative interest in each state as of 6pm ET [OC]",1
As is tradition,0
Big wigs meeting in Berlin next week to discuss getting more US Natural gas to Germany. TELL one of the CEOS going.,1
The stock market is easy,1
Tesla gain after a wild ride!! +35k and out just because the wall at 1000$ is too big!,1
Automod is Peak Wsb Entertainment,1
BBBY 250k yolo - bend em over Ryan Cohen,1
MRNA & BNTX to the moon,0
Bloomberg article on inflation be like.,1
Trading is not a Easy Game $GME,-1
"My lines arenâ€™t working, must be a glitchâ€¦",0
I am down pretty hard. What should I do? I got another 40k to gamble with any recommendations?,1
"When in doubt, zoom out",-1
Playing GME options too OTM? I'll Fucking do it AGAIN!,1
Tsla ğŸš€ğŸš€ğŸš€ğŸš€ğŸš€ğŸš€ will only sell after stock split,0
Update: the WSB community told me to Yolo calls in addition to my long position. wish me luck. tendie town or loss porn? ğŸ˜¢ğŸ€,1
US stock market has gone insane part 2,-1
"The game goes on, nothing has changed other than some positions going long.",0
DRS or slap,0
This is what BFD looks like. Bought when $TSLA hit $700.,-1
"Just bought TSLA, how to I sell this on robinhood?",0
My first win with options.,1
Mood,0
"41k in 20 minutes, granted it's not as glamorous as some of the others like AMD, NVDA but it's honest work. I posted a 44k gain a few days ago. Positions are shown and I've already sold at R2 level.",1
Even my poor ass went retarded,-1
Round 2. It Can't Go Tits Up.,0
Every automotive Analyst ğŸ¤¡ after $TSLA Q1 ER ğŸš€ ğŸš€ ğŸš€,0
"$770 â¡ï¸ $9,200 in 3 days. GME options. Not selling ğŸš€ğŸ’¸",0
Bullish Ukrainian civilian,0
Bloomberg is fed mouthpiece,0
"GME moves triggered by 20k buy @ 95.4, 10.7k buy @ 98. Thought one of you wake up drunk but it was Cohen. Fucking Rocketship.",0
My only regret with GME is not buying more call options. Tomorrow I am putting another 20k in to ATM calls along with my 1700 shares and riding this fucker to all time highs,-1
Itâ€™s highway robbery,0
DraftKings Files Motion To Dismiss Securities Suit From Short-Seller Report - DKNG,1
When you say the word,0
"Of all the gangs I've rode with, steelgang has been the least retarded [Update]",1
GME 10 Bagger - Just one call but made enough to post according to content guidelines!,0
"After Cramer called it a nothing company, the market cap of GME is now greater than the market cap of Robinhood",1
"Get in losers, weâ€™re going to moon! GME 1000%+ sweet sweet gainz",1
"ğŸ’² G M E , ğŸ’² T L R Y ğŸ’µ Discounts to Fair Value, Statistics, and Yachts",1
Has someone from WSB got a job with the Yahoo Finance Technical Analysis department?,0
Pay $70k a year to study Securities regulation at law school just to read about you reetards,1
GME,0
Russian stonk market to partially reopen on Thursday 24th March,0
Why rising rates don't matter... yet,0
20bilion dollars a share is not a meme.,1
GME YOLO 3/28/2022 ğŸš€ ğŸŒ,1
"Portfolio, thisis what a true retards portfolio should look like.",1
"If buying stocks/options at ATH high was an art, I would be a Picasso of it",0
Homo Sovieticus,0
"11k --> 112k in 1 trade, 3 trading days**GMsneezE**",0
"As Russia moves to nationalize foreign companies exiting its market, the UK prepares to nationalize a major Russian natural gas supplier",1
Am I doing this right?!,0
UPDATE!!! ğŸ’°Been Gainin' Off GME Since December of 2020! Gains SO FAR $2k > $67.9k,1
What Could Launch Cannabis & E.V. Stocks This Week?,0
"$67 -> $4,160",0
"The Chinese central bank (PCOB) may be in possession of more than 30,000k+ tons of gold in reserve. Yet, Western media sources are seemingly in denial and are convinced they only possess 2k tons. If the PCOB is right, this might signal a major global structural shift in favor of gold.",1
FOMO incoming.,0
$611 to $8800,0
Update: 50k -> 234k -> 535k (GME Yolo),0
"It's time to admit the hard truth, Goodbye trading",1
Carl Icahn says there â€˜very well could be a recession or even worseâ€™,0
AMZN ğŸš€,0
I was 2 weeks too early - Meme stocks r back,0
Cramer was bearish on Stark Industries in Iron Man 1. It only flourished throughout the rest of the MCU. Inverse Cramer strikes again.,-1
SiliconMotion of the Ocean - Mega Memory Upside Round 2 ($SIMO),0
eVTOLs are toxic for now,0
At this point Iâ€™ll take any minor victory,0
decided to yolo my savings into GME. there's always wendys if it doesn't work out.,1
"Any day now, right guys?",0
Who's buying the dip?,0
"My friend is financial advisor. He asked for money. But I would blow him for free, why wouldnâ€™t he help me out? What a dick!",1
FUK THE MODS,0
GME YOLO,1
BCG v. Gamestop - Brief Summary,0
Letâ€™s go ğŸš€ğŸš€,0
Stock Watch Article - Fortuna Silver Mine,0
Turned $1050 into 310 shares. What a fun week!,1
Only down 40% ğŸ‘ŠğŸ¾$Gme,0
Sold/Exercised My April Calls and Bought Weeklies - Good Call,1
"The struggle is real for the Meme investor. Till Monday, stay Stonky Retards. ğŸ’ğŸ‘ğŸ’µğŸ“ˆğŸ†™ğŸš€ğŸŒœ",-1
lol remember how they We're trying to get me to sell my amc. no i like the stocks,1
Gme YOLO,1
The Great Duel of WSB vs Hedge Funds,1
I SPY a GME while riding in My TSLA TA (GME and TSLA bonus crayons) - 3/25 Scalpers Delight,1
Retard Squeezepudden: Ep. 2 The Gamma Squeeze,-1
GME YOLO! $100k in ATM calls. Seeking no less than $500k in profit.,1
Sorting this subreddit by top keywords brings up this true display of autism,1
WSB's First Annual Paper Trading Competition For Real This Time,0
Lucid and Nvidia made a partnership to make self driving cars.,0
Oh no! He's dancing again. Buy calls and sell 'em quick. The Tesla fanboi's will load up.,-1
Never bet against Buffet,0
GME 18k Options YOLO Update 1,1
TLRY wow what a day ğŸš€ ğŸš€,1
This degenerate actually ended up in a terminal,0
Alright you degenerates. Itâ€™s time to fuck shit up. You scared of losing money on GME? Fucking sell! You canâ€™t handle a 90% loss. Fucking sell! You donâ€™t realize that youâ€™re already holding the nuts on the river. FUCKING SELL!!!!!!,-1
We have a Chairman!,0
50k -> 234k today (GME Yolo),0
First day trading options after lurking and learning for a few monthsâ€¦,0
Stock market,0
Shorting in the name of,0
$68K Put Yolo,1
Underwear Index looking strong,1
A Wall Street bets love story,1
speaks for itself,0
I think I can sell courses now,0
Home Depot double bottom! signs of reversal today!,0
Inflation too high! Recession is coming! SPY going back to $229 soon!,-1
The TLRY Awakening. YOLO update with calls. You know Iâ€™m something of a meme lord myself,1
Let's take a moment and pay respect,1
How are so many of you fucks still in GME/AMC/TSLA,-1
"Nvidia is going to crash, and Robinhood is actually going to be profitable",0
Mods on week days !,0
"Someone on here made a long reddit post about GME Technicals, so I bought calls first thing in the morning",0
YOLO ER $NIO,1
"My dad thinks Iâ€™m a retard for YOLOing my life savings into GME. Jokes on him, I am retarded.",-1
"My first 1000% bag. 700$ to 8.8k. opened a postion at 930am with gme, 75 contracts at the $175 strike price.",0
POWER OF THE NOG: PART 2,0
Why Russian stocks are a buy if you have access.,0
I swear Iâ€™m never wearing this hat again!,0
I request u/Dangerous_Inspector6 to deliver on their promise from 2 months ago and post the results,1
XRT - over 300% shorted Retail ETF,0
YOLO: IF HES IN THEN IM INğŸ’ğŸ¤š,1
WHEN THEY WANT TO SEE THE PERFORMANCE OF YOUR BIG POSITIONS,0
"TSLA, 2 Trades 21k For The Day",0
$TSLA GANG IS BACK,0
Spotted next to the National Mall,0
"Me When I hear News about: Bloomberg recommends eating Lentils instead of Meat due to High Inflation, LME Nickel Squeeze, Saudi Selling Oil for Chinese Yuan, Russia Selling NatGas and Oil for Rubles & É¢Ö…ÊŸÉ–, AMC buying a É¢Ö…ÊŸÉ– & êœ±ÉªÊŸá´ á´‡Ê€ Mining Co... I can feel it coming in the air tonight, Got Shinies?",1
HYPE VIDEO - LETS FUCKING GO,0
ğŸ˜‚ğŸ˜‚ğŸ˜‚,0
NIO YOLO,1
NIO - Iâ€™m surprised they had a good earnings,1
The Chair Force is with you window lickers.,0
Sell $FB,0
The worlds largest shipping container Maersk pulled out from russia 100%,0
Pay Attention Gourd Traders,0
from margin call to $47k. $TSLA $GME,0
Let's Play a GME - 3/24 Scalpers Delight TA,1
When I see u/CHAINSAW_VASECTOMY competition post for the new kids,0
Options are a hell of a drug,-1
GME after the earnings dip,0
"Most Anticipated Earnings Releases for the week beginning March 28th, 2022",0
"GME $2500 to 14,500 in 8 trading days. Roll the options over and keep the train rolling.",0
Built a trading bot using this subreddit as data,0
UAN Update 3/25/22,0
The melt value of a nickel is 7.776 cents.,1
Western Digital (WDC) is undervalued,0
Entered wrong trades today,-1
When Cramer recommends a stock you own,1
I think it was early 2021 ..,0
When the WSB feed start to populate with GME posts...,0
Ford partners with Cisco,0
"Admittedly, expected this call to expire worthless (purchased early January). Loss was 90%, now only 31%. Need price at $1,200+ quickly to reach profit & offset decay. Tough exit point decision to be made here.",-1
Look to my coming on the 5th day after earnings,0
NVDA tendies. From .09 to over .93,0
(Hopefully) Everyone with their portfolio today,0
My airline was nice enough to ask me for any accommodations that I may need,1
Shorting US Bonds?,0
We good,1
Nvidia stock rallies 9% with a $1 Trillion opportunity,1
Did I Miss The Bottom?,0
What happens when all the technicals fail and everything goes OTM! Happy Friday!,0
Kenny and co. under investigation for irregular spike in $SHOP,0
1 GME ğŸ˜¼,0
3/28/22 SPY Daily Analysis (extra indepth review of my trades and the intraday reversal today). revenge trade.,-1
"What Are Your Moves Tomorrow, March 29, 2022",0
"when in doubt, zoom out. GME TO THE MOON!",-1
All in LEAP option playz ğŸ¦â¤ï¸ğŸ’âœŠ,0
"Cramer says bear market over, puts on everything!",0
"Don't be a CHEAPO, buy HOME DEPOT PT.2 Electric Boogaloo",0
ğŸ’² G M E ğŸ’µ Where We Stand with the Technicals,0
GME shorts trying to stay alive Monday:,1
OKTA - Inverse your trades work... Thank you WSB!,1
3/22/22 SPY Pre-Market,0
Days like today got me reminiscing. HODL!,1
How to BUY AND HODL: 300 style,0
"Germany is checking out... âœ¨ +23,81 %",0
Get Hyped for Monday Morning,0
BB Loss pornâ€¦ do I sell and move on or hodl?,-1
How life is looking right now as a ford connoisseur,0
"Was letting whatâ€™s left of my TSLA ride, but I think itâ€™s time. Whatâ€™s next? SPY puts?",0
Buckle Up Bitches! $TSLA to Mars,-1
+867K Thanks to Daddy Cohen. $GME ğŸ¸ ğŸ¦ ğŸ©³ ğŸ´â€â˜ ï¸ ğŸ ğŸ”¨,1
How I pay for food and gas after seeing my blood red account,0
A simple explanation for the market last week,0
GME - Simplest DD - Beginning of ğŸŒ™,0
Booked my Train Ticket on the Tilray Express just yesterday,0
Canâ€™t wait to wait as long as I have to again. This is fine.,1
Most meme investors tonight...,0
900 to 33k in 15 days. GME,0
S&P500 displaying a potential head and shoulders topping pattern,0
How it feels to trade options,0
Where my $TSLA gang at?,0
Powell is just getting started,0
Thank you Nvidia. 6K to 22.5K,1
Friends: What happened to your savings? Me:,1
To the 500th floor please,1
"19y/o - Invested all my unemployment money, switched to Robinhood and joined WSB",-1
TY Papa Cohen,1
GME 40K Options YOLO,1
I am ready to be picked up! (Add these to the DRS total),1
"""I'm gonna be a billionaire!""",0
Me and the boys buying the next dip ğŸš€,0
Anyone else thinking Kim Jung Uns new sense of style comes from WSB logo? Maybe its where he gets his YOLO mentality and Gains from too?,1
What I'm using to outperform $SPY in the current market.,0
Starbucks short?,0
To those who laughed at me when I lost on my 30k gme play in augustâ€¦.SUCK IT ğŸ–•ğŸ–•ğŸ–•,1
Riddle me this?,0
"Wifeâ€™s Boyfriend let me use the 3D Printer, Cramer says print is gonna fall, so up it goes!",0
yolo,1
+2000% $500 to $10k,0
Am I doing this right? Lost all my savings,-1
Come fly with me âœˆï¸ Happy Friday Degenerates,1
The rally will continue,0
I did it guys. I'm finally retarded enough to post here.,-1
GME 20K gain in 5 days,1
INFLATION NATION 2.0,0
YOLO into TLRY! More loss porn or TENDIES!?! comment below!,1
Tesla for the win today! I have another 20 shares in my brokerage too. Love me some gains boys.,1
Is theta going to rape me tomorrow? My balls of steel wouldnâ€™t let me sell(retard),-1
Trevor is gone and im just gonna yolo some money here while we enter this Bull market. 3 days to cover 27% short,1
GME /AMC a true love story,1
Banks should have an automated YOLO portfolio,1
TLRY setting up for short squeeze.ğŸš€ğŸš€ğŸš€,0
What JPowell does to SPY after each FOMC meeting,0
The NIO bulls right now,0
I made a meme,0
TLRY YOLO - hoping for good news of federal legalization next week,1
Thanks GME! Cashed out to pay bills. Until next time...,1
Thanks for $COIN tendies Chanos. Please short $UPST next,1
I'm going to crash SPY in the last 10 minutes of trading.,-1
What I think when I see your gain porn,1
Consider yourself warned. Jim Cramer says the bear market is over,-1
3/28/22 SPY Pre-Market,0
Tesla stonk powering through the FUD.,-1
"Calling out u/cardripper these are all from 2022 and can be verified in his comments, mods",0
"Just another gains porn post to add to the masses. I don't know who that Ken Griffin guy is, but I bet his ass is burning and I couldn't be happier. GME, AMC, BBBY",-1
Iâ€™m a BABA bull and Iâ€™m not selling till Friday,0
Wat you doing after hours GameStop,0
Putin Announces Gas Currency Switch,0
[GME] $400=>$14000 in under 2 weeks,0
How YouTube TA works,0
OH FUCK,-1
"Dumb, but anecdotally it's been working",-1
BlackRock Crisis Part 5,-1
GME Yolo: 300k->1.35mil,1
Apple gains this week. Please tell me itâ€™s gonna hit 180 next week. Tell me. I canâ€™t sleep. My god,1
"I think my app is messed up, what's with all this green stuff?",-1
Hard to predict the markets when this is the state of the world,0
Downvote if you need to talk to a professional,0
Alibaba to Buy Back Up to $25 Billion of Stock,0
Update: I Was Right,0
Avarage day of me trading stocks,0
started from 6k now here.,0
Last week GME V CITADEL,0
"Why inflation is about to get out of control, and no amount or rate raising Is going to stop it.",-1
Thereâ€™s a clear point in time where you can see me turn options on in my accounts,1
I had to dig this up after what I saw today - Gamestonk up 30% in one day! I'm gonna turn the cringe up a little bit in here.. ğŸ’ğŸ™Œ ğŸ¦ğŸ¤ğŸ’ªğŸ“ˆ,0
"Chad Money: Season 2, Episode 7",0
rivian really does make trucks. spotted one i denver,0
Proof that this sub still provides good DD,1
Dipping my toes back in GME: 2045 moon tickets,0
MOS: Fuckin Fertilizer Shortages,0
Which one of you bought these calls from me? ğŸ˜¡,0
So nice to see an old friend after so long...,1
$GME 90k yolo for this upcoming week. Either way itâ€™s gonna be one hell of a ride ğŸ¢,-1
What is tax lost harvesting?,-1
$SPY - Predictions for the week of 3/28,0
"Daily Discussion Thread for March 22, 2022",0
"Saudi Arabia, OPEC",0
Starter Moon Position on $TLRY,0
Calls on $NKLA,0
Been Gainin' Off GME Since December of 2020! This Week's Gains $2k > +$20k,1
"Article: â€œThese 3 Charts Strongly Suggest the U.S. Stock Market Has an Invisible Hand Propping It Upâ€ By Pam Martens, March 23, 2022",1
Russian oligarch who owns Spartak Moscow claims that he lost 99% of his fortune,-1
3/24/22 SPY Daily TA,0
Those Suckers Who Follow YouTube TA,-1
Europoor is trying to buy the dip ğŸ˜ª,0
Federal Marijuana Legalization Bill Officially Scheduled For House Floor Vote Next Week,0
"Daily Discussion Thread for March 24, 2022",0
Virtue signaling gone wrong: Is TSLA funding the Russian War Machine?,-1
YOLO: TLRY Update,1
"ELI5: Interest Rate Hikes, The Stock Market & Everything You Need to Know",1
Amazon vs. Tesla - what are your thoughts?,0
I decided to sell a CC against GME this morning for a measly $50â€¦ RIP to my shares. ğŸ¤¡ğŸ’€,1
"When you only leave less than 200$ in RH as ""play money"". Fidelity account down -15% YTD",1
GME 18k Options YOLO,1
YOLO: TLRY OPTIONS (blaze it),1
YOLO GME GAIN PORN ğŸš€ğŸš€ğŸš€ğŸš€ğŸš€ğŸš€ğŸš€,1
Russia sanctions expert in action. He clearly knows what he's doing!,1
Feeling the FOMO?,0
"GME gains, up 67k in a day",1
$TLRY YOLO I'm scared ğŸ˜­,0
This Year is horrible,-1
R.I.P my puts (SPY and QQQ),0
"What Are Your Moves Tomorrow, March 24, 2022",0
XLU PUTS ARE THE UNIVERSAL PLAY FOR ALL MY PILLOW DROOLING COMPADRES,1
GME Bulls Tomorrow At Open,0
"So I bought some VIX puts. Surely this isnâ€™t correct, right?!",1
"Ontario to regulate use of financial advisor, planner titles",0
"1m loss YTD (900k net loss, 1.7m since ATH, 80% of net worth)",-1
Step 1) Get Drafted. Step 2) ??? Step 3) Profit ğŸš€ğŸš€ğŸš€ğŸ˜,1
HMHC - Do NOT Tender your shares and buy OTM calls,-1
Hows this for a YOLO ya fkn tards? Thats the whole portfolio.,1
FOMO incoming Part 2: LFG!,0
Weed stocks,0
"Stopped trading options for a few months. Put $500 in a WeBull account before GME earnings and 100x'd to $50,000 in 10 days. Can't wait to DRS after exercising these contracts.",-1
GME 100K YOLO LFG,1
$400â€“>$3000 with a couple FDâ€™s. Still holding my 4/14 $165c in RH and 110 shares in Webull. Auto mod said it wasnâ€™t enough to be tagged as a â€œGainâ€.,1
GME gains +150% ~ 15k ğŸš€ğŸš€,1
"$3,671 -> $25,770 GME options play",1
Tesla $TSLA is voting for another stock split.,0
$BB yolo,1
"Covered calls, bad idea?",-1
Logic Gets Shorted First.,0
AMC Calls,0
Today we blast off.,0
Etsy fucked their own sellers and are about to burn in the most retarded way of this decade,-1
Boeing PUTS. NEWS: Another Boeing airplane has just crashed in China. This terrible news comes only 6 days after Boeing delivered the first 737 MAX to China since the 2 major news coverage crashes 3 years ago. A Netflix special was recently released on Boeingâ€™s lack of quality control. Sad.,-1
Let's talk about SBUX Pt. 2,0
3/23/22 SPY Daily TA,0
"What Are Your Moves Tomorrow, March 23, 2022",0
here is a bit of gain porn for you autists.,1
"The road to from $500-$100,000 Part 2. Had a chance to cash out at 60k today but didnâ€™t take it. Changed my positions. Donâ€™t ask me where the first positions are because there in Part 1 linked in the comments.",0
Momentum Alert: Natural Gas,1
ğŸ”®WallStreetBets Predictions Tournament for March 2022ğŸ”®,0
"Making Money in the impending world famine. $MOS, $DBA $MOO",0
SHORTING SKLZ!,0
"Putin: You fools! You activated my Trap Card! Sanction Reversal! With this card I negate your sanctions until you can pay my Gas in Rubles, this effect increases the value of my Rubles by +50pts and deal direct damage to your country's ability to counterattack!",-1
Papa Elon bring da tendies ğŸš€ ğŸŒ™,0
"Just sold GUSH this morning for $174, got in at $15.67. ~1000% return",0
Your Pain at the â›½ï¸ is my Pleasure..$5.5k / 50%+ in a month,-1
Is this what my financial advisor meant when he said: â€œYou need to sell some Tesla stock and diversifyâ€ ????,0
Artifacts seized from U.S. billionaire returned to Israel,0
PANW is a little gem...I hope,1
The Men's Underwear Index and other quirky recession indicators,-1
GREEEEEEEEEEEEEEEE,0
"Everyone talking about GME, any love for BABA? ğŸš€ğŸš€",1
Cramer: Tesla about to have a Big Run,0
"400k bet on oil/wheat/uranium/bullets, up about 150k",0
Accepting a share buyback without any shares = -108% return loss. Never thought Iâ€™d make it here,0
"My portfolio YTD, take a wild guess what I've been holding ğŸ¤£",0
My trading strategy for the past few years.,0
Yawnâ€¦ let me know when it hits 500 I guess . Preferably by Wednesday. YOLO with updated Positions,1
Russian Government Market Manipulation or what?,-1
"Should I have sold these? I had 30 more, itâ€™s really house money?",0
HMHC - Share price is now above $21,1
"Bullish on Tesla for 4 years, UNTIL NOWâ€¦ SELL!!âš ï¸âš ï¸",0
Bear Slayer,0
After my options go down 35% 1 second after buying them.,0
Wu Tang financial setting up,0
at the end of the day we are all retarded,-1
Thank you Elon ğŸ˜,1
5 step guide to technical analysis. Market makers donâ€™t want you to see this.,0
"Ladies and Gentlemen, #Chip Gang is back in business. 88k QCOM YOLO",1
"Daily Discussion Thread for March 28, 2022",0
$GME yolo ğŸ‘Œ,1
Let's talk about SBUX,0
Can u guess what my portfolio is based on my P&L?,0
Another Director bought the GME dip!,0
"Don't you dare disable the buy button again, Kenny!",0
YTD,0
Gains 350$ to 10k$,1
500 -> 28k GME ğŸš€ğŸš€ğŸš€,0
*Record Scratch* You're probably wondering how $8000 in call options got me here.,0
OG autists coming back to buy the floatğŸ’€,0
Buy the dip ig,0
ğŸ’âœ‹,0
Im owed a thank you,1
Gamestop sued by Boston Consulting for $30 million,0
Nestle to suspend many products in Russia including KitKat,-1
"How about After Hours for some of those other January 2021 Restricted Securities stocks (you know, the ones where they removed the buy button). Can anyone say, ""Everything Squeeze""?",0
South Park Investment Theory (deeper dive),0
Chinese Firms Flock to Switzerland as US Delisting Risks Loom,-1
The Fed is Cramer's wife's bf.,0
FB undervalued? Is the public constantly wrong about the moves they make?,-1
"Always there, lingering in the back",0
GME Shorts tomorrow,0
The pain is real,-1
$GME Borrow Fee is climbing fast.,0
"And just like that, in one day, my all time losses were erasedâ€¦ and then some (I only use Robinhood for options)",0
$580 -> $14.2k,0
A Race to Supply NatGas to Germany (Eurobeat Mix),0
GME strategy. Exercising calls and strategically buying OTM puts and calls literally canâ€™t go tits up.,-1
I do not know when to pull out.,0
Just a reminder for all the GME mouthbreathers here (which includes me),0
"What Are Your Moves Tomorrow, March 25, 2022",0
Do you memmber?,0
"ahhh shit, here we go again",-1
murica,0
"In 2015, both $AMZN and $BABA wanted to acquire ContextLogic ($WISH) for $10 billion, but weâ€™re rejected. Now we are ready to explore a new offer, who will be the next?",-1
HE BRINGS IT! ğŸª¨ğŸ¸ğŸ¦ğŸ’©,0
$87 -> $4269 profit in 1 day,1
And now for a Lightning Round with Jim Cramer ğŸ¤¯,0
Swear to God if it doubles in value tomorrow,1
Held calls thru ex-divi date. $30k vanished overnight. Like giving an infant power tools.,1
1.6K -> 24.5K. 126 $6 $TLRY Calls (Screenshot of when I still had 50 to pop off),0
"Guess who's buying???? Yep, RC!!! Link below.",1
Launch the GME rocket in the name of the Degenerate Party of Wallstreetbets Retards (DPWR),1
GME MONDAY MEGA MEME,0
Something something Computershare.,0
"My strategy is simple, I only buy TSLA. I sell puts to ğŸ».",0
Global Food Shortage is accelerating - Wheat to 4000,-1
Thankful to the memes for making my all time graph look like a sine wave,1
"Thought you might appreciate the original first volume of the Wall Street Journal from July 8, 1889",1
TLRY treating me right,0
To all the Bears,0
Figured you retards would like this.,1
First post..does this count?,0
"TLRY holding overnight ğŸš€ğŸš€ ğŸš€, everyday I listen to wsb premarket live audio discussion, one guy was continuously mentioning Marijuana stocks, I followed him too many many thanks to him!",1
Tesla Stock Surges as Company Plans Stock Split Vote,0
"What Are Your Moves Tomorrow, March 28, 2022",0
$TSLA to $10 Trillion,0
